{
    "name": "root",
    "gauges": {
        "HeatingAgent.Policy.Entropy.mean": {
            "value": 2.129725456237793,
            "min": 1.7178031206130981,
            "max": 2.503556966781616,
            "count": 734
        },
        "HeatingAgent.Policy.Entropy.sum": {
            "value": 1005.23046875,
            "min": 810.8031005859375,
            "max": 1306.9161376953125,
            "count": 734
        },
        "HeatingAgent.Step.mean": {
            "value": 366992.0,
            "min": 464.0,
            "max": 366992.0,
            "count": 734
        },
        "HeatingAgent.Step.sum": {
            "value": 366992.0,
            "min": 464.0,
            "max": 366992.0,
            "count": 734
        },
        "HeatingAgent.Policy.ExtrinsicValueEstimate.mean": {
            "value": -276.8536071777344,
            "min": -551.4950561523438,
            "max": -3.0998916625976562,
            "count": 734
        },
        "HeatingAgent.Policy.ExtrinsicValueEstimate.sum": {
            "value": -2768.5361328125,
            "min": -5514.95068359375,
            "max": -30.998916625976562,
            "count": 734
        },
        "HeatingAgent.Environment.EpisodeLength.mean": {
            "value": 199.0,
            "min": 199.0,
            "max": 199.0,
            "count": 734
        },
        "HeatingAgent.Environment.EpisodeLength.sum": {
            "value": 597.0,
            "min": 398.0,
            "max": 597.0,
            "count": 734
        },
        "HeatingAgent.Environment.CumulativeReward.mean": {
            "value": -126.03327012062073,
            "min": -2319.2286415100098,
            "max": -93.47642770409584,
            "count": 734
        },
        "HeatingAgent.Environment.CumulativeReward.sum": {
            "value": -252.06654024124146,
            "min": -6756.5076904296875,
            "max": -186.95285540819168,
            "count": 734
        },
        "HeatingAgent.Policy.ExtrinsicReward.mean": {
            "value": -126.03327012062073,
            "min": -2319.2286415100098,
            "max": -93.47642770409584,
            "count": 734
        },
        "HeatingAgent.Policy.ExtrinsicReward.sum": {
            "value": -252.06654024124146,
            "min": -6756.5076904296875,
            "max": -186.95285540819168,
            "count": 734
        },
        "HeatingAgent.IsTraining.mean": {
            "value": 1.0,
            "min": 1.0,
            "max": 1.0,
            "count": 734
        },
        "HeatingAgent.IsTraining.sum": {
            "value": 1.0,
            "min": 1.0,
            "max": 1.0,
            "count": 734
        },
        "HeatingAgent.Losses.PolicyLoss.mean": {
            "value": 0.09454156139845703,
            "min": 0.09044043066067595,
            "max": 0.10679136998109282,
            "count": 30
        },
        "HeatingAgent.Losses.PolicyLoss.sum": {
            "value": 0.09454156139845703,
            "min": 0.09044043066067595,
            "max": 0.10679136998109282,
            "count": 30
        },
        "HeatingAgent.Losses.ValueLoss.mean": {
            "value": 149.52627077846662,
            "min": 25.424846861379365,
            "max": 3612.55497557728,
            "count": 30
        },
        "HeatingAgent.Losses.ValueLoss.sum": {
            "value": 149.52627077846662,
            "min": 25.424846861379365,
            "max": 3612.55497557728,
            "count": 30
        },
        "HeatingAgent.Policy.LearningRate.mean": {
            "value": 0.00027830832723056,
            "min": 0.00027830832723056,
            "max": 0.00029927616024128006,
            "count": 30
        },
        "HeatingAgent.Policy.LearningRate.sum": {
            "value": 0.00027830832723056,
            "min": 0.00027830832723056,
            "max": 0.00029927616024128006,
            "count": 30
        },
        "HeatingAgent.Policy.Epsilon.mean": {
            "value": 0.19276944,
            "min": 0.19276944,
            "max": 0.19975871999999995,
            "count": 30
        },
        "HeatingAgent.Policy.Epsilon.sum": {
            "value": 0.19276944,
            "min": 0.19276944,
            "max": 0.19975871999999995,
            "count": 30
        },
        "HeatingAgent.Policy.Beta.mean": {
            "value": 0.000464570256,
            "min": 0.000464570256,
            "max": 0.000498817728,
            "count": 30
        },
        "HeatingAgent.Policy.Beta.sum": {
            "value": 0.000464570256,
            "min": 0.000464570256,
            "max": 0.000498817728,
            "count": 30
        }
    },
    "metadata": {
        "timer_format_version": "0.1.0",
        "start_time_seconds": "1701769100",
        "python_version": "3.10.12 | packaged by Anaconda, Inc. | (main, Jul  5 2023, 19:01:18) [MSC v.1916 64 bit (AMD64)]",
        "command_line_arguments": "C:\\Users\\lorenz\\miniconda3\\envs\\mlagents\\Scripts\\mlagents-learn config/heating_control_config.yaml --run-id=HeatingRun52",
        "mlagents_version": "1.1.0.dev0",
        "mlagents_envs_version": "1.1.0.dev0",
        "communication_protocol_version": "1.5.0",
        "pytorch_version": "1.13.1+cu117",
        "numpy_version": "1.23.5",
        "end_time_seconds": "1701776184"
    },
    "total": 7083.8286396,
    "count": 1,
    "self": 0.007947300000523683,
    "children": {
        "run_training.setup": {
            "total": 0.09935349999977916,
            "count": 1,
            "self": 0.09935349999977916
        },
        "TrainerController.start_learning": {
            "total": 7083.7213388,
            "count": 1,
            "self": 8.066188900244015,
            "children": {
                "TrainerController._reset_env": {
                    "total": 9.776560199999949,
                    "count": 1,
                    "self": 9.776560199999949
                },
                "TrainerController.advance": {
                    "total": 7065.747497299755,
                    "count": 369287,
                    "self": 6.953725800033681,
                    "children": {
                        "env_step": {
                            "total": 6869.64978230023,
                            "count": 369287,
                            "self": 6267.924614900452,
                            "children": {
                                "SubprocessEnvManager._take_step": {
                                    "total": 596.442572300065,
                                    "count": 369287,
                                    "self": 15.434551699612257,
                                    "children": {
                                        "TorchPolicy.evaluate": {
                                            "total": 581.0080206004527,
                                            "count": 367450,
                                            "self": 581.0080206004527
                                        }
                                    }
                                },
                                "workers": {
                                    "total": 5.28259509971349,
                                    "count": 369286,
                                    "self": 0.0,
                                    "children": {
                                        "worker_root": {
                                            "total": 7065.416983399909,
                                            "count": 369286,
                                            "is_parallel": true,
                                            "self": 1139.9554545999772,
                                            "children": {
                                                "steps_from_proto": {
                                                    "total": 0.0003268000000389293,
                                                    "count": 1,
                                                    "is_parallel": true,