{
    "name": "root",
    "metadata": {
        "timer_format_version": "0.1.0",
        "start_time_seconds": "1701735138",
        "python_version": "3.10.12 | packaged by Anaconda, Inc. | (main, Jul  5 2023, 19:01:18) [MSC v.1916 64 bit (AMD64)]",
        "command_line_arguments": "C:\\Users\\lkraus\\AppData\\Local\\miniconda3\\envs\\mlagents\\Scripts\\mlagents-learn config/heating_control_config.yaml --run-id=HeatingRun40",
        "mlagents_version": "1.1.0.dev0",
        "mlagents_envs_version": "1.1.0.dev0",
        "communication_protocol_version": "1.5.0",
        "pytorch_version": "1.13.1+cu117",
        "numpy_version": "1.23.5",
        "end_time_seconds": "1701735210"
    },
    "total": 71.82604240003275,
    "count": 1,
    "self": 0.006797399953939021,
    "children": {
        "run_training.setup": {
            "total": 0.08086650003679097,
            "count": 1,
            "self": 0.08086650003679097
        },
        "TrainerController.start_learning": {
            "total": 71.73837850004202,
            "count": 1,
            "self": 0.007928800419904292,
            "children": {
                "TrainerController._reset_env": {
                    "total": 9.869727300014347,
                    "count": 1,
                    "self": 9.869727300014347
                },
                "TrainerController.advance": {
                    "total": 61.73239199956879,
                    "count": 300,
                    "self": 0.0068496992462314665,
                    "children": {
                        "env_step": {
                            "total": 61.68205050053075,
                            "count": 300,
                            "self": 61.09152750048088,
                            "children": {
                                "SubprocessEnvManager._take_step": {
                                    "total": 0.5863891002954915,
                                    "count": 300,
                                    "self": 0.017228900222107768,
                                    "children": {
                                        "TorchPolicy.evaluate": {
                                            "total": 0.5691602000733837,
                                            "count": 299,
                                            "self": 0.5691602000733837
                                        }
                                    }
                                },
                                "workers": {
                                    "total": 0.004133899754378945,
                                    "count": 299,
                                    "self": 0.0,
                                    "children": {
                                        "worker_root": {
                                            "total": 15.15415750030661,
                                            "count": 299,
                                            "is_parallel": true,
                                            "self": 0.9871619004989043,
                                            "children": {
                                                "steps_from_proto": {
                                                    "total": 0.0004016000311821699,
                                                    "count": 1,
                                                    "is_parallel": true,
                                                    "self": 0.0001905999961309135,
                                                    "children": {
                                                        "_process_rank_one_or_two_observation": {
                                                            "total": 0.00021100003505125642,
                                                            "count": 2,
                                                            "is_parallel": true,
                                                            "self": 0.00021100003505125642
                                                        }
                                                    }
                                                },
                                                "UnityEnvironment.step": {
                                                    "total": 14.166593999776524,
                                                    "count": 299,
                                                    "is_parallel": true,
                                                    "self": 0.030102199816610664,
                                                    "children": {
                                                        "UnityEnvironment._generate_step_input": {
                                                            "total": 0.022793799987994134,
                                                            "count": 299,
                                                            "is_parallel": true,
                                                            "self": 0.022793799987994134
                                                        },
                                                        "communicator.exchange": {
                                                            "total": 14.026491600030567,
                                                            "count": 299,
                                                            "is_parallel": true,
                                                            "self": 14.026491600030567
                                                        },
                                                        "steps_from_proto": {
                                                            "total": 0.08720639994135126,
                                                            "count": 299,
                                                            "is_parallel": true,
                                                            "self": 0.05101589998230338,
                                                            "children": {
                                                                "_process_rank_one_or_two_observation": {
                                                                    "total": 0.036190499959047884,
                                                                    "count": 598,
                                                                    "is_parallel": true,
                                                                    "self": 0.036190499959047884
                                                                }
                                                            }
                                                        }
                                                    }
                                                }
                                            }
                                        }
                                    }
                                }
                            }
                        },
                        "trainer_advance": {
                            "total": 0.04349179979180917,
                            "count": 299,
                            "self": 0.008464599959552288,
                            "children": {
                                "process_trajectory": {
                                    "total": 0.03502719983225688,
                                    "count": 299,
                                    "self": 0.03502719983225688
                                }
                            }
                        }
                    }
                },
                "trainer_threads": {
                    "total": 1.600012183189392e-06,
                    "count": 1,
                    "self": 1.600012183189392e-06
                },
                "TrainerController._save_models": {
                    "total": 0.12832880002679303,
                    "count": 1,
                    "self": 0.0014914000639691949,