{
    "name": "root",
    "gauges": {
        "HeatingAgent.Policy.Entropy.mean": {
            "value": 2.200568437576294,
            "min": 2.123292922973633,
            "max": 2.772343158721924,
            "count": 1000
        },
        "HeatingAgent.Policy.Entropy.sum": {
            "value": 1126.6910400390625,
            "min": 1052.58935546875,
            "max": 1546.967529296875,
            "count": 1000
        },
        "HeatingAgent.Step.mean": {
            "value": 499993.0,
            "min": 486.0,
            "max": 499993.0,
            "count": 1000
        },
        "HeatingAgent.Step.sum": {
            "value": 499993.0,
            "min": 486.0,
            "max": 499993.0,
            "count": 1000
        },
        "HeatingAgent.Policy.ExtrinsicValueEstimate.mean": {
            "value": 482.81402587890625,
            "min": 0.10316947847604752,
            "max": 485.3598327636719,
            "count": 1000
        },
        "HeatingAgent.Policy.ExtrinsicValueEstimate.sum": {
            "value": 3862.51220703125,
            "min": 1.031694769859314,
            "max": 3882.878662109375,
            "count": 1000
        },
        "HeatingAgent.Environment.EpisodeLength.mean": {
            "value": 999.0,
            "min": 70.66666666666667,
            "max": 999.0,
            "count": 659
        },
        "HeatingAgent.Environment.EpisodeLength.sum": {
            "value": 999.0,
            "min": 141.0,
            "max": 1142.0,
            "count": 659
        },
        "HeatingAgent.Environment.CumulativeReward.mean": {
            "value": 4902.2188720703125,
            "min": 289.52552286783856,
            "max": 4949.855117797852,
            "count": 658
        },
        "HeatingAgent.Environment.CumulativeReward.sum": {
            "value": 4902.2188720703125,
            "min": 581.6599884033203,
            "max": 4955.884708404541,
            "count": 658
        },
        "HeatingAgent.Policy.ExtrinsicReward.mean": {
            "value": 4902.2188720703125,
            "min": 289.52552286783856,
            "max": 4949.855117797852,
            "count": 658
        },
        "HeatingAgent.Policy.ExtrinsicReward.sum": {
            "value": 4902.2188720703125,
            "min": 581.6599884033203,
            "max": 4955.884708404541,
            "count": 658
        },
        "HeatingAgent.IsTraining.mean": {
            "value": 1.0,
            "min": 1.0,
            "max": 1.0,
            "count": 1000
        },
        "HeatingAgent.IsTraining.sum": {
            "value": 1.0,
            "min": 1.0,
            "max": 1.0,
            "count": 1000
        },
        "HeatingAgent.Losses.PolicyLoss.mean": {
            "value": 0.09781911205632467,
            "min": 0.09143505030532915,
            "max": 0.10973621645763992,
            "count": 41
        },
        "HeatingAgent.Losses.PolicyLoss.sum": {
            "value": 0.09781911205632467,
            "min": 0.09143505030532915,
            "max": 0.10973621645763992,
            "count": 41
        },
        "HeatingAgent.Losses.ValueLoss.mean": {
            "value": 13.591305995663852,
            "min": 11.88144033428625,
            "max": 687.2844405556745,
            "count": 41
        },
        "HeatingAgent.Losses.ValueLoss.sum": {
            "value": 13.591305995663852,
            "min": 11.88144033428625,
            "max": 687.2844405556745,
            "count": 41
        },
        "HeatingAgent.Policy.LearningRate.mean": {
            "value": 3.60429879859999e-06,
            "min": 3.60429879859999e-06,
            "max": 0.0002927964024012,
            "count": 41
        },
        "HeatingAgent.Policy.LearningRate.sum": {
            "value": 3.60429879859999e-06,
            "min": 3.60429879859999e-06,
            "max": 0.0002927964024012,
            "count": 41
        },
        "HeatingAgent.Policy.Epsilon.mean": {
            "value": 0.1012014,
            "min": 0.1012014,
            "max": 0.19759880000000002,
            "count": 41
        },
        "HeatingAgent.Policy.Epsilon.sum": {
            "value": 0.1012014,
            "min": 0.1012014,
            "max": 0.19759880000000002,
            "count": 41
        },
        "HeatingAgent.Policy.Beta.mean": {
            "value": 1.5886859999999986e-05,
            "min": 1.5886859999999986e-05,
            "max": 0.0004882341200000001,
            "count": 41
        },
        "HeatingAgent.Policy.Beta.sum": {
            "value": 1.5886859999999986e-05,
            "min": 1.5886859999999986e-05,
            "max": 0.0004882341200000001,
            "count": 41
        }
    },
    "metadata": {
        "timer_format_version": "0.1.0",
        "start_time_seconds": "1705698916",
        "python_version": "3.10.12 | packaged by Anaconda, Inc. | (main, Jul  5 2023, 19:01:18) [MSC v.1916 64 bit (AMD64)]",
        "command_line_arguments": "C:\\Users\\lorenz\\miniconda3\\envs\\mlagents\\Scripts\\mlagents-learn config/heating_control_config.yaml --run-id=HeatingRun110",
        "mlagents_version": "1.1.0.dev0",
        "mlagents_envs_version": "1.1.0.dev0",
        "communication_protocol_version": "1.5.0",
        "pytorch_version": "1.13.1+cu117",
        "numpy_version": "1.23.5",
        "end_time_seconds": "1705701857"
    },
    "total": 2940.9709182000006,
    "count": 1,
    "self": 0.010392100004537497,
    "children": {
        "run_training.setup": {
            "total": 0.09245589999773074,
            "count": 1,
            "self": 0.09245589999773074
        },
        "TrainerController.start_learning": {
            "total": 2940.8680701999983,
            "count": 1,
            "self": 7.827729499418638,
            "children": {
                "TrainerController._reset_env": {
                    "total": 6.722131599999557,
                    "count": 1,
                    "self": 6.722131599999557
                },
                "TrainerController.advance": {
                    "total": 2926.2277761005753,
                    "count": 501507,
                    "self": 7.402297504268063,
                    "children": {
                        "env_step": {
                            "total": 2672.196390198267,
                            "count": 501507,
                            "self": 1967.154337500193,
                            "children": {
                                "SubprocessEnvManager._take_step": {
                                    "total": 699.6918058988012,
                                    "count": 501507,
                                    "self": 18.398382299565128,
                                    "children": {
                                        "TorchPolicy.evaluate": {
                                            "total": 681.2934235992361,
                                            "count": 500057,
                                            "self": 681.2934235992361
                                        }
                                    }
                                },
                                "workers": {
                                    "total": 5.350246799273009,
                                    "count": 501507,
                                    "self": 0.0,
                                    "children": {
                                        "worker_root": {
                                            "total": 2924.9381090961833,
                                            "count": 501507,
                                            "is_parallel": true,
                                            "self": 1311.7411307925795,
                                            "children": {
                                                "steps_from_proto": {
                                                    "total": 0.0003695999985211529,
                                                    "count": 1,