{
    "name": "root",
    "gauges": {
        "HeatingAgent.Policy.Entropy.mean": {
            "value": 2.2779266834259033,
            "min": 2.192847967147827,
            "max": 2.7724790573120117,
            "count": 1200
        },
        "HeatingAgent.Policy.Entropy.sum": {
            "value": 1166.2984619140625,
            "min": 1070.10986328125,
            "max": 1549.814453125,
            "count": 1200
        },
        "HeatingAgent.Step.mean": {
            "value": 599956.0,
            "min": 443.0,
            "max": 599956.0,
            "count": 1200
        },
        "HeatingAgent.Step.sum": {
            "value": 599956.0,
            "min": 443.0,
            "max": 599956.0,
            "count": 1200
        },
        "HeatingAgent.Policy.ExtrinsicValueEstimate.mean": {
            "value": 76.51121520996094,
            "min": -10.459389686584473,
            "max": 77.33802032470703,
            "count": 1200
        },
        "HeatingAgent.Policy.ExtrinsicValueEstimate.sum": {
            "value": 612.0897216796875,
            "min": -83.67511749267578,
            "max": 618.7041625976562,
            "count": 1200
        },
        "HeatingAgent.Environment.EpisodeLength.mean": {
            "value": 999.0,
            "min": 82.8,
            "max": 999.0,
            "count": 726
        },
        "HeatingAgent.Environment.EpisodeLength.sum": {
            "value": 999.0,
            "min": 171.0,
            "max": 1319.0,
            "count": 726
        },
        "HeatingAgent.Environment.CumulativeReward.mean": {
            "value": 779.4180415868759,
            "min": -565.9551305770874,
            "max": 936.6803255081177,
            "count": 726
        },
        "HeatingAgent.Environment.CumulativeReward.sum": {
            "value": 779.4180415868759,
            "min": -565.9551305770874,
            "max": 936.6803255081177,
            "count": 726
        },
        "HeatingAgent.Policy.ExtrinsicReward.mean": {
            "value": 779.4180415868759,
            "min": -565.9551305770874,
            "max": 936.6803255081177,
            "count": 726
        },
        "HeatingAgent.Policy.ExtrinsicReward.sum": {
            "value": 779.4180415868759,
            "min": -565.9551305770874,
            "max": 936.6803255081177,
            "count": 726
        },
        "HeatingAgent.IsTraining.mean": {
            "value": 1.0,
            "min": 1.0,
            "max": 1.0,
            "count": 1200
        },
        "HeatingAgent.IsTraining.sum": {
            "value": 1.0,
            "min": 1.0,
            "max": 1.0,
            "count": 1200
        },
        "HeatingAgent.Losses.PolicyLoss.mean": {
            "value": 0.0968805062749707,
            "min": 0.09264706411929008,
            "max": 0.10598504608612613,
            "count": 49
        },
        "HeatingAgent.Losses.PolicyLoss.sum": {
            "value": 0.0968805062749707,
            "min": 0.09264706411929008,
            "max": 0.10598504608612613,
            "count": 49
        },
        "HeatingAgent.Losses.ValueLoss.mean": {
            "value": 63.207571888646335,
            "min": 21.184270449563968,
            "max": 214.60465947956058,
            "count": 49
        },
        "HeatingAgent.Losses.ValueLoss.sum": {
            "value": 63.207571888646335,
            "min": 21.184270449563968,
            "max": 214.60465947956058,
            "count": 49
        },
        "HeatingAgent.Policy.LearningRate.mean": {
            "value": 4.68209843933333e-06,
            "min": 4.68209843933333e-06,
            "max": 0.0002939810020063333,
            "count": 49
        },
        "HeatingAgent.Policy.LearningRate.sum": {
            "value": 4.68209843933333e-06,
            "min": 4.68209843933333e-06,
            "max": 0.0002939810020063333,
            "count": 49
        },
        "HeatingAgent.Policy.Epsilon.mean": {
            "value": 0.10156066666666666,
            "min": 0.10156066666666666,
            "max": 0.19799366666666665,
            "count": 49
        },
        "HeatingAgent.Policy.Epsilon.sum": {
            "value": 0.10156066666666666,
            "min": 0.10156066666666666,
            "max": 0.19799366666666665,
            "count": 49
        },
        "HeatingAgent.Policy.Beta.mean": {
            "value": 1.7647266666666666e-05,
            "min": 1.7647266666666666e-05,
            "max": 0.0004901689666666668,
            "count": 49
        },
        "HeatingAgent.Policy.Beta.sum": {
            "value": 1.7647266666666666e-05,
            "min": 1.7647266666666666e-05,
            "max": 0.0004901689666666668,
            "count": 49
        }
    },
    "metadata": {
        "timer_format_version": "0.1.0",
        "start_time_seconds": "1705836805",
        "python_version": "3.10.12 | packaged by Anaconda, Inc. | (main, Jul  5 2023, 19:01:18) [MSC v.1916 64 bit (AMD64)]",
        "command_line_arguments": "C:\\Users\\lorenz\\miniconda3\\envs\\mlagents\\Scripts\\mlagents-learn config/heating_control_config.yaml --run-id=HeatingRun120",
        "mlagents_version": "1.1.0.dev0",
        "mlagents_envs_version": "1.1.0.dev0",
        "communication_protocol_version": "1.5.0",
        "pytorch_version": "1.13.1+cu117",
        "numpy_version": "1.23.5",
        "end_time_seconds": "1705840296"
    },
    "total": 3489.1551488,
    "count": 1,
    "self": 0.01071650000039881,
    "children": {
        "run_training.setup": {
            "total": 0.09311319999960688,
            "count": 1,
            "self": 0.09311319999960688
        },
        "TrainerController.start_learning": {
            "total": 3489.0513191,
            "count": 1,
            "self": 9.86593020006876,
            "children": {
                "TrainerController._reset_env": {
                    "total": 6.5259078999997655,
                    "count": 1,
                    "self": 6.5259078999997655
                },
                "TrainerController.advance": {
                    "total": 3472.5720554999316,
                    "count": 601267,
                    "self": 8.763173999828723,
                    "children": {
                        "env_step": {
                            "total": 3174.6338591001568,
                            "count": 601267,
                            "self": 2327.6335760997854,
                            "children": {
                                "SubprocessEnvManager._take_step": {
                                    "total": 840.3532748999828,
                                    "count": 601267,
                                    "self": 21.852200099666334,
                                    "children": {
                                        "TorchPolicy.evaluate": {
                                            "total": 818.5010748003165,
                                            "count": 600020,
                                            "self": 818.5010748003165
                                        }
                                    }
                                },
                                "workers": {
                                    "total": 6.647008100388575,
                                    "count": 601267,
                                    "self": 0.0,
                                    "children": {
                                        "worker_root": {
                                            "total": 3472.5587018004976,
                                            "count": 601267,
                                            "is_parallel": true,
                                            "self": 1579.1077457003603,
                                            "children": {
                                                "steps_from_proto": {
                                                    "total": 0.0012719000001197855,
                                                    "count": 1,