{"count":1,"self":1993.769984,"total":6528.4436049999995,"children":{"InitializeActuators":{"count":1,"self":0.0010000999999999999,"total":0.0010000999999999999,"children":null},"InitializeSensors":{"count":1,"self":0.001,"total":0.001,"children":null},"AgentSendState":{"count":3003667,"self":10.277115199999999,"total":35.158836799999996,"children":{"CollectObservations":{"count":1000025,"self":4.282164,"total":4.2821638,"children":null},"WriteActionMask":{"count":1000025,"self":1.1867105999999998,"total":1.1867105999999998,"children":null},"RequestDecision":{"count":1000025,"self":4.5101816,"total":19.4128474,"children":{"AgentInfo.ToProto":{"count":1000025,"self":5.7782056,"total":14.9026658,"children":{"GenerateSensorData":{"count":1000025,"self":9.12446,"total":9.12446,"children":null}}}}}}},"DecideAction":{"count":3003667,"self":4495.5742208,"total":4495.57416,"children":null},"AgentAct":{"count":3003667,"self":3.8728827999999997,"total":3.8728827999999997,"children":null},"AgentInfo.ToProto":{"count":3587,"self":0.0307616,"total":0.0637484,"children":{"GenerateSensorData":{"count":3587,"self":0.0329868,"total":0.0329868,"children":null}}}},"gauges":{"HeatingAgent.CumulativeReward":{"count":3587,"max":313.249023,"min":-9.346674,"runningAverage":103.501648,"value":162.386261,"weightedAverage":179.626343}},"metadata":{"timer_format_version":"0.1.0","start_time_seconds":"1705921771","unity_version":"2022.3.4f1","command_line_arguments":"C:\\Program Files\\Unity\\Hub\\Editor\\2022.3.4f1\\Editor\\Unity.exe -projectpath C:\\Users\\lkraus\\Desktop\\Uni\\IUI\\SmartHome-mlagents -useHub -hubIPC -cloudEnvironment production","communication_protocol_version":"1.5.0","com.unity.ml-agents_version":"3.0.0-exp.1","scene_name":"SmartHome","end_time_seconds":"1705928299"}}