{"count":1,"self":21890.711552,"total":30811.374998,"children":{"InitializeActuators":{"count":1,"self":0.0009999,"total":0.0009999,"children":null},"InitializeSensors":{"count":1,"self":0.0010019999999999999,"total":0.0010019999999999999,"children":null},"AgentSendState":{"count":72168404,"self":86.6268352,"total":123.9750141,"children":{"CollectObservations":{"count":1443368,"self":1.9040316,"total":1.9040314999999999,"children":null},"WriteActionMask":{"count":1443368,"self":2.341818,"total":2.3418181,"children":null},"RequestDecision":{"count":1443368,"self":8.4998215999999989,"total":33.1023268,"children":{"AgentInfo.ToProto":{"count":1443368,"self":10.229152,"total":24.6025049,"children":{"GenerateSensorData":{"count":1443368,"self":14.3733536,"total":14.373353199999999,"children":null}}}}}}},"DecideAction":{"count":72168404,"self":8760.9024512,"total":8760.9026507,"children":null},"AgentAct":{"count":72168404,"self":35.706047999999996,"total":35.7835228,"children":{"AgentInfo.ToProto":{"count":7216,"self":0.025521099999999998,"total":0.0774742,"children":{"GenerateSensorData":{"count":7216,"self":0.051953099999999995,"total":0.051953099999999995,"children":null}}}}}},"gauges":{"HeatingAgent.CumulativeReward":{"count":7216,"max":-3.247345,"min":-5.000001,"runningAverage":-4.92105436,"value":-4.99998,"weightedAverage":-4.89246941}},"metadata":{"timer_format_version":"0.1.0","start_time_seconds":"1701735312","unity_version":"2022.3.4f1","command_line_arguments":"C:\\Program Files\\Unity\\Hub\\Editor\\2022.3.4f1\\Editor\\Unity.exe -projectpath C:\\Users\\lkraus\\Desktop\\Uni\\IUI\\SmartHome-mlagents -useHub -hubIPC -cloudEnvironment production","communication_protocol_version":"1.5.0","com.unity.ml-agents_version":"3.0.0-exp.1","scene_name":"SmartHome","end_time_seconds":"1701766123"}}