{"count":1,"self":3326.4324607999997,"total":10797.2495681,"children":{"InitializeActuators":{"count":1,"self":0.0010008999999999999,"total":0.0010008999999999999,"children":null},"InitializeSensors":{"count":1,"self":0.0010008999999999999,"total":0.0010008999999999999,"children":null},"AgentSendState":{"count":10000334,"self":14.8631104,"total":42.1912318,"children":{"CollectObservations":{"count":2000066,"self":1.5979272999999998,"total":1.5979272999999998,"children":null},"WriteActionMask":{"count":2000066,"self":1.7444304,"total":1.7444304,"children":null},"RequestDecision":{"count":2000066,"self":5.9954275999999993,"total":23.985763499999997,"children":{"AgentInfo.ToProto":{"count":2000066,"self":6.582216,"total":17.990335899999998,"children":{"GenerateSensorData":{"count":2000066,"self":11.40812,"total":11.4081197,"children":null}}}}}}},"DecideAction":{"count":10000334,"self":7421.5284735999994,"total":7421.5284285,"children":null},"AgentAct":{"count":10000334,"self":7.0824544,"total":7.0944658,"children":{"AgentInfo.ToProto":{"count":2000,"self":0.0060054999999999996,"total":0.0120111,"children":{"GenerateSensorData":{"count":2000,"self":0.0060056,"total":0.0060056,"children":null}}}}}},"gauges":{"HeatingAgent.CumulativeReward":{"count":2000,"max":-15136.1367,"min":-16222.3418,"runningAverage":-16204.4844,"value":-16215.1875,"weightedAverage":-16213.959}},"metadata":{"timer_format_version":"0.1.0","start_time_seconds":"1705603699","unity_version":"2022.3.4f1","command_line_arguments":"C:\\Program Files\\Unity\\Hub\\Editor\\2022.3.4f1\\Editor\\Unity.exe -projectpath C:\\Users\\lorenz\\Desktop\\IUI\\SmartHome-mlagents -useHub -hubIPC -cloudEnvironment production","communication_protocol_version":"1.5.0","com.unity.ml-agents_version":"3.0.0-exp.1","scene_name":"SmartHome","end_time_seconds":"1705614497"}}