{
    "name": "root",
    "gauges": {
        "HeatingAgent.Policy.Entropy.mean": {
            "value": 0.43855395913124084,
            "min": 0.38852575421333313,
            "max": 0.7191454172134399,
            "count": 943
        },
        "HeatingAgent.Policy.Entropy.sum": {
            "value": 206.99746704101562,
            "min": 183.3841552734375,
            "max": 379.7087707519531,
            "count": 943
        },
        "HeatingAgent.Step.mean": {
            "value": 971456.0,
            "min": 500456.0,
            "max": 971456.0,
            "count": 943
        },
        "HeatingAgent.Step.sum": {
            "value": 971456.0,
            "min": 500456.0,
            "max": 971456.0,
            "count": 943
        },
        "HeatingAgent.Policy.ExtrinsicValueEstimate.mean": {
            "value": 5.806414604187012,
            "min": 3.1596579551696777,
            "max": 5.806414604187012,
            "count": 943
        },
        "HeatingAgent.Policy.ExtrinsicValueEstimate.sum": {
            "value": 58.06414794921875,
            "min": 25.766117095947266,
            "max": 58.06414794921875,
            "count": 943
        },
        "HeatingAgent.Environment.EpisodeLength.mean": {
            "value": 199.0,
            "min": 199.0,
            "max": 199.0,
            "count": 943
        },
        "HeatingAgent.Environment.EpisodeLength.sum": {
            "value": 597.0,
            "min": 398.0,
            "max": 597.0,
            "count": 943
        },
        "HeatingAgent.Environment.CumulativeReward.mean": {
            "value": 6.0,
            "min": -2.5,
            "max": 10.583333333333334,
            "count": 943
        },
        "HeatingAgent.Environment.CumulativeReward.sum": {
            "value": 18.0,
            "min": -5.25,
            "max": 31.75,
            "count": 943
        },
        "HeatingAgent.Policy.ExtrinsicReward.mean": {
            "value": 6.0,
            "min": -2.5,
            "max": 10.583333333333334,
            "count": 943
        },
        "HeatingAgent.Policy.ExtrinsicReward.sum": {
            "value": 18.0,
            "min": -5.25,
            "max": 31.75,
            "count": 943
        },
        "HeatingAgent.IsTraining.mean": {
            "value": 1.0,
            "min": 1.0,
            "max": 1.0,
            "count": 943
        },
        "HeatingAgent.IsTraining.sum": {
            "value": 1.0,
            "min": 1.0,
            "max": 1.0,
            "count": 943
        },
        "HeatingAgent.Losses.PolicyLoss.mean": {
            "value": 0.10342767526327916,
            "min": 0.09356998110764679,
            "max": 0.10387045832132881,
            "count": 39
        },
        "HeatingAgent.Losses.PolicyLoss.sum": {
            "value": 0.10342767526327916,
            "min": 0.09356998110764679,
            "max": 0.10387045832132881,
            "count": 39
        },
        "HeatingAgent.Losses.ValueLoss.mean": {
            "value": 0.8019487211044799,
            "min": 0.5690072087954122,
            "max": 0.8223994584053966,
            "count": 39
        },
        "HeatingAgent.Losses.ValueLoss.sum": {
            "value": 0.8019487211044799,
            "min": 0.5690072087954122,
            "max": 0.8223994584053966,
            "count": 39
        },
        "HeatingAgent.Policy.LearningRate.mean": {
            "value": 8.985697004799995e-06,
            "min": 8.985697004799995e-06,
            "max": 0.000146364051212,
            "count": 39
        },
        "HeatingAgent.Policy.LearningRate.sum": {
            "value": 8.985697004799995e-06,
            "min": 8.985697004799995e-06,
            "max": 0.000146364051212,
            "count": 39
        },
        "HeatingAgent.Policy.Epsilon.mean": {
            "value": 0.10299520000000004,
            "min": 0.10299520000000004,
            "max": 0.148788,
            "count": 39
        },
        "HeatingAgent.Policy.Epsilon.sum": {
            "value": 0.10299520000000004,
            "min": 0.10299520000000004,
            "max": 0.148788,
            "count": 39
        },
        "HeatingAgent.Policy.Beta.mean": {
            "value": 2.4676479999999985e-05,
            "min": 2.4676479999999985e-05,
            "max": 0.0002490612,
            "count": 39
        },
        "HeatingAgent.Policy.Beta.sum": {
            "value": 2.4676479999999985e-05,
            "min": 2.4676479999999985e-05,
            "max": 0.0002490612,
            "count": 39
        }
    },
    "metadata": {
        "timer_format_version": "0.1.0",
        "start_time_seconds": "1701507386",
        "python_version": "3.10.12 | packaged by Anaconda, Inc. | (main, Jul  5 2023, 19:01:18) [MSC v.1916 64 bit (AMD64)]",
        "command_line_arguments": "C:\\Users\\lorenz\\miniconda3\\envs\\mlagents\\Scripts\\mlagents-learn config/heating_control_config.yaml --run-id=HeatingRun39 --resume",
        "mlagents_version": "1.1.0.dev0",
        "mlagents_envs_version": "1.1.0.dev0",
        "communication_protocol_version": "1.5.0",
        "pytorch_version": "1.13.1+cu117",
        "numpy_version": "1.23.5",
        "end_time_seconds": "1701516469"
    },
    "total": 9083.6140164,
    "count": 1,
    "self": 0.007756199998766533,
    "children": {
        "run_training.setup": {
            "total": 0.09905429999980697,
            "count": 1,
            "self": 0.09905429999980697
        },
        "TrainerController.start_learning": {
            "total": 9083.507205900001,
            "count": 1,
            "self": 10.18687400007002,
            "children": {
                "TrainerController._reset_env": {
                    "total": 12.419054999999844,
                    "count": 1,
                    "self": 12.419054999999844
                },
                "TrainerController.advance": {
                    "total": 9060.775131199931,
                    "count": 473891,
                    "self": 8.649274999288536,
                    "children": {
                        "env_step": {
                            "total": 8804.73048910002,
                            "count": 473891,
                            "self": 8021.355919900499,
                            "children": {
                                "SubprocessEnvManager._take_step": {
                                    "total": 776.644269799066,
                                    "count": 473891,
                                    "self": 20.300398598802076,
                                    "children": {
                                        "TorchPolicy.evaluate": {
                                            "total": 756.343871200264,
                                            "count": 471534,
                                            "self": 756.343871200264
                                        }
                                    }
                                },
                                "workers": {
                                    "total": 6.730299400454442,
                                    "count": 473890,
                                    "self": 0.0,
                                    "children": {
                                        "worker_root": {
                                            "total": 9059.728290499981,
                                            "count": 473890,
                                            "is_parallel": true,
                                            "self": 1485.262811300603,
                                            "children": {
                                                "steps_from_proto": {
                                                    "total": 0.00037810000003446476,
                                                    "count": 1,
                                                    "is_parallel": true,
                                                    "self": 0.0002017000001615088,