{
    "name": "root",
    "gauges": {
        "HeatingAgent.Policy.Entropy.mean": {
            "value": 0.7752058506011963,
            "min": 0.33607742190361023,
            "max": 2.3041820526123047,
            "count": 2886
        },
        "HeatingAgent.Policy.Entropy.sum": {
            "value": 365.89715576171875,
            "min": 158.6285400390625,
            "max": 1206.9765625,
            "count": 2886
        },
        "HeatingAgent.Step.mean": {
            "value": 1442992.0,
            "min": 464.0,
            "max": 1442992.0,
            "count": 2886
        },
        "HeatingAgent.Step.sum": {
            "value": 1442992.0,
            "min": 464.0,
            "max": 1442992.0,
            "count": 2886
        },
        "HeatingAgent.Policy.ExtrinsicValueEstimate.mean": {
            "value": -0.009135149419307709,
            "min": -0.3627898693084717,
            "max": 2.9747748374938965,
            "count": 2886
        },
        "HeatingAgent.Policy.ExtrinsicValueEstimate.sum": {
            "value": -0.09135149419307709,
            "min": -3.627898693084717,
            "max": 29.74774932861328,
            "count": 2886
        },
        "HeatingAgent.Environment.EpisodeLength.mean": {
            "value": 199.0,
            "min": 199.0,
            "max": 199.0,
            "count": 2886
        },
        "HeatingAgent.Environment.EpisodeLength.sum": {
            "value": 597.0,
            "min": 398.0,
            "max": 597.0,
            "count": 2886
        },
        "HeatingAgent.Environment.CumulativeReward.mean": {
            "value": -4.632932215929031,
            "min": -5.111377000808716,
            "max": -3.154173731803894,
            "count": 2886
        },
        "HeatingAgent.Environment.CumulativeReward.sum": {
            "value": -9.265864431858063,
            "min": -15.05434513092041,
            "max": -6.308347463607788,
            "count": 2886
        },
        "HeatingAgent.Policy.ExtrinsicReward.mean": {
            "value": -4.632932215929031,
            "min": -5.111377000808716,
            "max": -3.154173731803894,
            "count": 2886
        },
        "HeatingAgent.Policy.ExtrinsicReward.sum": {
            "value": -9.265864431858063,
            "min": -15.05434513092041,
            "max": -6.308347463607788,
            "count": 2886
        },
        "HeatingAgent.IsTraining.mean": {
            "value": 1.0,
            "min": 1.0,
            "max": 1.0,
            "count": 2886
        },
        "HeatingAgent.IsTraining.sum": {
            "value": 1.0,
            "min": 1.0,
            "max": 1.0,
            "count": 2886
        },
        "HeatingAgent.Losses.PolicyLoss.mean": {
            "value": 0.1010721891962408,
            "min": 0.08642198696754103,
            "max": 0.1053728294127013,
            "count": 119
        },
        "HeatingAgent.Losses.PolicyLoss.sum": {
            "value": 0.1010721891962408,
            "min": 0.08642198696754103,
            "max": 0.1053728294127013,
            "count": 119
        },
        "HeatingAgent.Losses.ValueLoss.mean": {
            "value": 0.002843957922358647,
            "min": 0.0019115571648534511,
            "max": 0.24486612809940855,
            "count": 119
        },
        "HeatingAgent.Losses.ValueLoss.sum": {
            "value": 0.002843957922358647,
            "min": 0.0019115571648534511,
            "max": 0.24486612809940855,
            "count": 119
        },
        "HeatingAgent.Policy.LearningRate.mean": {
            "value": 0.00021396050867984002,
            "min": 0.00021396050867984002,
            "max": 0.00029927616024128006,
            "count": 119
        },
        "HeatingAgent.Policy.LearningRate.sum": {
            "value": 0.00021396050867984002,
            "min": 0.00021396050867984002,
            "max": 0.00029927616024128006,
            "count": 119
        },
        "HeatingAgent.Policy.Epsilon.mean": {
            "value": 0.17132016000000005,
            "min": 0.17132016000000005,
            "max": 0.19975871999999995,
            "count": 119
        },
        "HeatingAgent.Policy.Epsilon.sum": {
            "value": 0.17132016000000005,
            "min": 0.17132016000000005,
            "max": 0.19975871999999995,
            "count": 119
        },
        "HeatingAgent.Policy.Beta.mean": {
            "value": 0.0003594687839999999,
            "min": 0.0003594687839999999,
            "max": 0.000498817728,
            "count": 119
        },
        "HeatingAgent.Policy.Beta.sum": {
            "value": 0.0003594687839999999,
            "min": 0.0003594687839999999,
            "max": 0.000498817728,
            "count": 119
        }
    },
    "metadata": {
        "timer_format_version": "0.1.0",
        "start_time_seconds": "1701735302",
        "python_version": "3.10.12 | packaged by Anaconda, Inc. | (main, Jul  5 2023, 19:01:18) [MSC v.1916 64 bit (AMD64)]",
        "command_line_arguments": "C:\\Users\\lkraus\\AppData\\Local\\miniconda3\\envs\\mlagents\\Scripts\\mlagents-learn config/heating_control_config.yaml --run-id=HeatingRun43",
        "mlagents_version": "1.1.0.dev0",
        "mlagents_envs_version": "1.1.0.dev0",
        "communication_protocol_version": "1.5.0",
        "pytorch_version": "1.13.1+cu117",
        "numpy_version": "1.23.5",
        "end_time_seconds": "1701766136"
    },
    "total": 30834.672860799998,
    "count": 1,
    "self": 10.007586899911985,
    "children": {
        "run_training.setup": {
            "total": 0.07226040004752576,
            "count": 1,
            "self": 0.07226040004752576
        },
        "TrainerController.start_learning": {
            "total": 30824.593013500038,
            "count": 1,
            "self": 34.30202187487157,
            "children": {
                "TrainerController._reset_env": {
                    "total": 10.904498999996576,
                    "count": 1,
                    "self": 10.904498999996576
                },
                "TrainerController.advance": {
                    "total": 30779.309328925156,
                    "count": 1450583,
                    "self": 30.456196648301557,
                    "children": {
                        "env_step": {
                            "total": 30080.421909244265,
                            "count": 1450583,
                            "self": 27532.847521170275,
                            "children": {
                                "SubprocessEnvManager._take_step": {
                                    "total": 2525.3190300073475,
                                    "count": 1450583,
                                    "self": 76.14148913871031,
                                    "children": {
                                        "TorchPolicy.evaluate": {
                                            "total": 2449.177540868637,
                                            "count": 1443367,
                                            "self": 2449.177540868637
                                        }
                                    }
                                },
                                "workers": {
                                    "total": 22.255358066642657,
                                    "count": 1450582,
                                    "self": 0.0,
                                    "children": {
                                        "worker_root": {
                                            "total": 30766.07746170403,
                                            "count": 1450582,
                                            "is_parallel": true,
                                            "self": 4697.863790375646,