{
    "name": "root",
    "gauges": {
        "HeatingAgent.Policy.Entropy.mean": {
            "value": 1.8613340854644775,
            "min": 1.6504485607147217,
            "max": 2.772219181060791,
            "count": 2000
        },
        "HeatingAgent.Policy.Entropy.sum": {
            "value": 839.461669921875,
            "min": 795.629150390625,
            "max": 1544.1033935546875,
            "count": 2000
        },
        "HeatingAgent.Step.mean": {
            "value": 999941.0,
            "min": 492.0,
            "max": 999941.0,
            "count": 2000
        },
        "HeatingAgent.Step.sum": {
            "value": 999941.0,
            "min": 492.0,
            "max": 999941.0,
            "count": 2000
        },
        "HeatingAgent.Policy.ExtrinsicValueEstimate.mean": {
            "value": 75.68196105957031,
            "min": -0.04965256527066231,
            "max": 76.61341857910156,
            "count": 2000
        },
        "HeatingAgent.Policy.ExtrinsicValueEstimate.sum": {
            "value": 605.4556884765625,
            "min": -0.4965256452560425,
            "max": 687.458740234375,
            "count": 2000
        },
        "HeatingAgent.Environment.EpisodeLength.mean": {
            "value": 1666.0,
            "min": 106.5,
            "max": 1666.0,
            "count": 1285
        },
        "HeatingAgent.Environment.EpisodeLength.sum": {
            "value": 1666.0,
            "min": 237.0,
            "max": 1666.0,
            "count": 1285
        },
        "HeatingAgent.Environment.CumulativeReward.mean": {
            "value": 1282.3612487316132,
            "min": 44.417160868644714,
            "max": 1289.6178748607635,
            "count": 1286
        },
        "HeatingAgent.Environment.CumulativeReward.sum": {
            "value": 1282.3612487316132,
            "min": 129.30530878901482,
            "max": 1289.6178748607635,
            "count": 1286
        },
        "HeatingAgent.Policy.ExtrinsicReward.mean": {
            "value": 1282.3612487316132,
            "min": 44.417160868644714,
            "max": 1289.6178748607635,
            "count": 1286
        },
        "HeatingAgent.Policy.ExtrinsicReward.sum": {
            "value": 1282.3612487316132,
            "min": 129.30530878901482,
            "max": 1289.6178748607635,
            "count": 1286
        },
        "HeatingAgent.IsTraining.mean": {
            "value": 1.0,
            "min": 1.0,
            "max": 1.0,
            "count": 2000
        },
        "HeatingAgent.IsTraining.sum": {
            "value": 1.0,
            "min": 1.0,
            "max": 1.0,
            "count": 2000
        },
        "HeatingAgent.Losses.PolicyLoss.mean": {
            "value": 0.098891305285572,
            "min": 0.0940397529233683,
            "max": 0.10597674736550572,
            "count": 83
        },
        "HeatingAgent.Losses.PolicyLoss.sum": {
            "value": 0.098891305285572,
            "min": 0.0940397529233683,
            "max": 0.10597674736550572,
            "count": 83
        },
        "HeatingAgent.Losses.ValueLoss.mean": {
            "value": 0.3769884679387224,
            "min": 0.3769884679387224,
            "max": 21.383572488332604,
            "count": 83
        },
        "HeatingAgent.Losses.ValueLoss.sum": {
            "value": 0.3769884679387224,
            "min": 0.3769884679387224,
            "max": 21.383572488332604,
            "count": 83
        },
        "HeatingAgent.Policy.LearningRate.mean": {
            "value": 2.106999297999941e-07,
            "min": 2.106999297999941e-07,
            "max": 0.0002963931012022999,
            "count": 83
        },
        "HeatingAgent.Policy.LearningRate.sum": {
            "value": 2.106999297999941e-07,
            "min": 2.106999297999941e-07,
            "max": 0.0002963931012022999,
            "count": 83
        },
        "HeatingAgent.Policy.Epsilon.mean": {
            "value": 0.1000702,
            "min": 0.1000702,
            "max": 0.19879770000000005,
            "count": 83
        },
        "HeatingAgent.Policy.Epsilon.sum": {
            "value": 0.1000702,
            "min": 0.1000702,
            "max": 0.19879770000000005,
            "count": 83
        },
        "HeatingAgent.Policy.Beta.mean": {
            "value": 1.0343979999999993e-05,
            "min": 1.0343979999999993e-05,
            "max": 0.0004941087299999997,
            "count": 83
        },
        "HeatingAgent.Policy.Beta.sum": {
            "value": 1.0343979999999993e-05,
            "min": 1.0343979999999993e-05,
            "max": 0.0004941087299999997,
            "count": 83
        }
    },
    "metadata": {
        "timer_format_version": "0.1.0",
        "start_time_seconds": "1705868938",
        "python_version": "3.10.12 | packaged by Anaconda, Inc. | (main, Jul  5 2023, 19:01:18) [MSC v.1916 64 bit (AMD64)]",
        "command_line_arguments": "C:\\Users\\lorenz\\miniconda3\\envs\\mlagents\\Scripts\\mlagents-learn config/heating_control_config.yaml --run-id=HeatingRun200",
        "mlagents_version": "1.1.0.dev0",
        "mlagents_envs_version": "1.1.0.dev0",
        "communication_protocol_version": "1.5.0",
        "pytorch_version": "1.13.1+cu117",
        "numpy_version": "1.23.5",
        "end_time_seconds": "1705874028"
    },
    "total": 5090.086804699997,
    "count": 1,
    "self": 0.009871400005067699,
    "children": {
        "run_training.setup": {
            "total": 0.09587539999483852,
            "count": 1,
            "self": 0.09587539999483852
        },
        "TrainerController.start_learning": {
            "total": 5089.981057899997,
            "count": 1,
            "self": 15.70520209150709,
            "children": {
                "TrainerController._reset_env": {
                    "total": 6.511947899998631,
                    "count": 1,
                    "self": 6.511947899998631
                },
                "TrainerController.advance": {
                    "total": 5067.663695308489,
                    "count": 1002504,
                    "self": 14.348482910674647,
                    "children": {
                        "env_step": {
                            "total": 4561.376919401082,
                            "count": 1002504,
                            "self": 3172.4628199047074,
                            "children": {
                                "SubprocessEnvManager._take_step": {
                                    "total": 1378.0787107977667,
                                    "count": 1002504,
                                    "self": 36.15513319524325,
                                    "children": {
                                        "TorchPolicy.evaluate": {
                                            "total": 1341.9235776025234,
                                            "count": 1000005,
                                            "self": 1341.9235776025234
                                        }
                                    }
                                },
                                "workers": {
                                    "total": 10.835388698607858,
                                    "count": 1002504,
                                    "self": 0.0,
                                    "children": {
                                        "worker_root": {
                                            "total": 5067.700004996899,
                                            "count": 1002504,
                                            "is_parallel": true,
                                            "self": 2586.589719902491,
                                            "children": {
                                                "steps_from_proto": {
                                                    "total": 0.0003434000027482398,
                                                    "count": 1,