{
    "name": "root",
    "metadata": {
        "timer_format_version": "0.1.0",
        "start_time_seconds": "1701735233",
        "python_version": "3.10.12 | packaged by Anaconda, Inc. | (main, Jul  5 2023, 19:01:18) [MSC v.1916 64 bit (AMD64)]",
        "command_line_arguments": "C:\\Users\\lkraus\\AppData\\Local\\miniconda3\\envs\\mlagents\\Scripts\\mlagents-learn config/heating_control_config.yaml --run-id=HeatingRun42",
        "mlagents_version": "1.1.0.dev0",
        "mlagents_envs_version": "1.1.0.dev0",
        "communication_protocol_version": "1.5.0",
        "pytorch_version": "1.13.1+cu117",
        "numpy_version": "1.23.5",
        "end_time_seconds": "1701735288"
    },
    "total": 54.968190900050104,
    "count": 1,
    "self": 0.009220800013281405,
    "children": {
        "run_training.setup": {
            "total": 0.07336750003742054,
            "count": 1,
            "self": 0.07336750003742054
        },
        "TrainerController.start_learning": {
            "total": 54.8856025999994,
            "count": 1,
            "self": 0.005854999064467847,
            "children": {
                "TrainerController._reset_env": {
                    "total": 9.23921089997748,
                    "count": 1,
                    "self": 9.23921089997748
                },
                "TrainerController.advance": {
                    "total": 45.54314200091176,
                    "count": 242,
                    "self": 0.004846901458222419,
                    "children": {
                        "env_step": {
                            "total": 45.517653099261224,
                            "count": 242,
                            "self": 45.115639300551265,
                            "children": {
                                "SubprocessEnvManager._take_step": {
                                    "total": 0.39885789930121973,
                                    "count": 242,
                                    "self": 0.01197899883845821,
                                    "children": {
                                        "TorchPolicy.evaluate": {
                                            "total": 0.3868789004627615,
                                            "count": 241,
                                            "self": 0.3868789004627615
                                        }
                                    }
                                },
                                "workers": {
                                    "total": 0.00315589940873906,
                                    "count": 241,
                                    "self": 0.0,
                                    "children": {
                                        "worker_root": {
                                            "total": 8.145494699652772,
                                            "count": 241,
                                            "is_parallel": true,
                                            "self": 0.670399300113786,
                                            "children": {
                                                "steps_from_proto": {
                                                    "total": 0.0003401999711059034,
                                                    "count": 1,
                                                    "is_parallel": true,
                                                    "self": 0.00019399990560486913,
                                                    "children": {
                                                        "_process_rank_one_or_two_observation": {
                                                            "total": 0.00014620006550103426,
                                                            "count": 2,
                                                            "is_parallel": true,
                                                            "self": 0.00014620006550103426
                                                        }
                                                    }
                                                },
                                                "UnityEnvironment.step": {
                                                    "total": 7.4747551995678805,
                                                    "count": 241,
                                                    "is_parallel": true,
                                                    "self": 0.02279559982707724,
                                                    "children": {
                                                        "UnityEnvironment._generate_step_input": {
                                                            "total": 0.01581560040358454,
                                                            "count": 241,
                                                            "is_parallel": true,
                                                            "self": 0.01581560040358454
                                                        },
                                                        "communicator.exchange": {
                                                            "total": 7.371190199919511,
                                                            "count": 241,
                                                            "is_parallel": true,
                                                            "self": 7.371190199919511
                                                        },
                                                        "steps_from_proto": {
                                                            "total": 0.06495379941770807,
                                                            "count": 241,
                                                            "is_parallel": true,
                                                            "self": 0.037326499295886606,
                                                            "children": {
                                                                "_process_rank_one_or_two_observation": {
                                                                    "total": 0.027627300121821463,
                                                                    "count": 482,
                                                                    "is_parallel": true,
                                                                    "self": 0.027627300121821463
                                                                }
                                                            }
                                                        }
                                                    }
                                                }
                                            }
                                        }
                                    }
                                }
                            }
                        },
                        "trainer_advance": {
                            "total": 0.02064200019231066,
                            "count": 241,
                            "self": 0.0061714002513326705,
                            "children": {
                                "process_trajectory": {
                                    "total": 0.01447059994097799,
                                    "count": 241,
                                    "self": 0.01447059994097799
                                }
                            }
                        }
                    }
                },
                "trainer_threads": {
                    "total": 1.600012183189392e-06,
                    "count": 1,
                    "self": 1.600012183189392e-06
                },
                "TrainerController._save_models": {
                    "total": 0.0973931000335142,
                    "count": 1,
                    "self": 0.0015078000142239034,